No,判定,ブランド,本社,サブカテゴリ,主力商品,定価目安（円）,機能的な差別化ポイント,実績（調査で確認できた数字）,日本での展開状況（調査結果）,日本の規制ハードル,日本市場への適合コメント,香港展示会で接触できる可能性,主な出典,ステータス（記入用）,メモ（記入用）
1,S,Ozlo,米国（ボストン）,睡眠,Ozlo Sleepbuds 2,"約42,000円（$279）",元Boseチームの就寝用イヤホン。横向き寝でも使える超小型設計、14時間駆動、睡眠検知,"シリーズAで1,000万ドル、追加で1,200万ドルを調達。Sleepbuds 2を2026年7月に発売",日本の代理店・日本法人・Makuake案件は見つからず。Gizmodo Japanがレビュー済みで、個人輸入でしか買えない状態,低：技適（Bluetooth）のみ,睡眠イヤホンはMakuakeで大型案件の実績あり（ADV. Sleeper TWS）。Bose Sleepbudsの後継として説明しやすい,低（欧米ブランド・展示会外で直接アプローチ）,https://techcrunch.com/2026/07/28/ozlos-sleepbuds-2-build-on-boses-sleep-earbud-legacy/,未着手,
2,S,Smart Nora,カナダ（トロント）,睡眠（いびき）,Smart Nora,"約45,000円（$299）",体に何も着けず、普段の枕の下に入れるだけ。いびきを検知すると枕をそっと動かす,Kickstarterで約80万ドル（目標10万ドル）、予約販売の累計は100万ドル超。NYT・BBC・Oprahで紹介,日本の代理店・日本法人・Makuake案件は見つからず,中：技適・PSE。いびきの効能表現に注意,いびき対策は日本で需要が大きい。装着しないので受け入れられやすい,低（欧米ブランド・展示会外で直接アプローチ）,https://www.shopify.com/sg/blog/77770501-how-smart-nora-raised-1-million-in-presales-using-kickstarter-and-shopify,未着手,
3,S,10minds（Motion Pillow）,韓国（ソウル）,睡眠（いびき）,Motion Pillow,"約57,000円（$378）",枕の中のエアバッグが、いびきを検知すると頭の向きを変える。AIがいびきのパターンを学習,CES 2024 Best of Innovation 受賞。社内試験でいびきを90%以上減らしたと主張,日本の代理店・日本法人・Makuake案件は見つからず（「モーションピロー」でも検索）,中：技適・PSE（ポンプ）。いびき・無呼吸の効能表現に注意,"Makuakeでは枕だけで7,000万〜1億円の案件がある。韓国企業なので日本への展開も現実的",中（アジア拠点・Click2Matchで要確認）,https://www.podfeet.com/blog/2025/01/ces-2025-10minds/,未着手,
4,S,Somnox,オランダ（ロッテルダム）,睡眠,Somnox 2,"約90,000円（€549）",抱いて眠る呼吸ロボット。ロボットの呼吸に合わせることで呼吸が落ち着く,Kickstarterで約20万ユーロ（509人）。黒字化を報道されている,日本の代理店・日本法人・Makuake案件は見つからず。Business Insider JP・ITmediaで紹介済み,低〜中：技適・PSE（充電器）。不眠・不安の治療とは言わない,LOVOTのように癒やし系ロボットへの抵抗が少ない日本と相性が良い。日本のメディアでの認知もある,低（欧米ブランド・展示会外で直接アプローチ）,https://siliconcanals.com/rotterdams-somnox-achieves-profitability/,未着手,
5,S,AEKE,中国（深圳）,フィットネス,AEKE K1 / S1 Pro,"約495,000円（K1 $3,299）",43型4K画面、AIフォーム補正、サブスク不要。設置面積0.3㎡,"S1 ProがKickstarterで586.6万ドル（1,885人、2026年の家庭用ジムで1位）。K1も約210万ドル",日本の代理店・日本法人・Makuake案件は見つからず（Speedianceは日本に代理店あり）,中：PSE・技適。大型なので配送・設置,高単価だが、Speedianceが日本で売れていることでジャンルの需要は実証済み。サブスク不要が差別化になる,高（中華圏・2025年出展実績など）,https://www.newswire.ca/news-releases/aeke-s1-pro-raises-over-us-5-86-million-on-kickstarter-marking-a-new-milestone-for-smart-home-gyms-806303096.html,未着手,
6,S,Mendi,スウェーデン（ストックホルム）,集中・脳トレ,Mendi ヘッドバンド,"約45,000円（$299）",一般向けfNIRS（脳の血流）を使ったニューロフィードバックで、前頭部を鍛える,クラファンで1万台超・約300万ユーロ。累計925万ドルを調達,日本の代理店・日本法人・Makuake案件は見つからず,低〜中：技適。「治療」とは言わない,受験・ビジネスの集中ニーズに合い、クラファンで説明しやすい,低（欧米ブランド・展示会外で直接アプローチ）,https://tech.eu/brief/mendi-funding,未着手,
7,S,Hatch,米国,睡眠,Hatch Restore 3,"約25,500円（$170）",光で起こす目覚まし、サウンド、入眠前の習慣づくりを1台で,"累計2,710万ドルの調達とされる（資料によって数字が違う）",日本の代理店・日本法人・Makuake案件は見つからず。Restore 3は米国だけで販売,低：技適・PSE（ACアダプタ）,光目覚ましの定番。日本語の音声コンテンツを作れば訴求しやすい,低（欧米ブランド・展示会外で直接アプローチ）,https://help.hatch.co/hc/en-us/sections/41678044886423-Restore-3-FAQs,未着手,
8,A,Luna Ring（Noise）,インド,健康計測（スマートリング）,Luna Ring,"約45,000円（$299）",赤外線PPGと皮膚温で70の健康指標,Indiegogoで約19.6万ドル（860人）。親会社Noiseはインドの大手ウェアラブルブランド,日本の代理店・日本法人・Makuake案件は見つからず,中：技適。医療的な表現は使わない,スマートリングはMakuakeで最大級（RingConnが1.43億円）。日本で未展開の数少ない有力リング,低（欧米ブランド・展示会外で直接アプローチ）,https://indiegogo.com/projects/luna-ring-70-health-metrics-1-smart-ring/x/15135142,未着手,
9,A,Elemind,米国（ケンブリッジ）,睡眠（ニューロテック）,Elemind ヘッドバンド,"約52,000円（$349）",脳波（EEG）を読み、それに合わせた音で入眠を誘導する。試験で寝つきが平均48%早くなった,"シード1,200万ドル",日本の代理店・日本法人・Makuake案件は見つからず,高：入眠・不眠の効能は薬機法の対象になりうる。技適,需要は大きいが、日本では「リラックス」などの表現に抑える必要がある,低（欧米ブランド・展示会外で直接アプローチ）,https://spectrum.ieee.org/elemind-neuromodulation,未着手,
10,A,Pulsetto,リトアニア（ヴィリニュス）,ストレス（迷走神経）,Pulsetto Lite / Fit,"約44,000円（€269〜）",首に巻き、約4分の電気刺激で迷走神経を刺激する,"Indiegogoで約16.9万ユーロ。売上は2024年約900万ドル→2025年4,000万ドル超、ユーザー30万人超",日本の代理店・日本法人・Makuake案件は見つからず,高：低周波治療器（管理医療機器）に当たる可能性が高い。技適,勢いは今回いちばんだが、日本では医療機器の認証を取らない限り売れない,低（欧米ブランド・展示会外で直接アプローチ）,https://investlithuania.com/success-stories/pulsetto/,未着手,
11,A,Apollo Neuro,米国（ピッツバーグ）,ストレス,Apollo ウェアラブル,"約52,000円（$349）",手首や足首への穏やかな振動で、体をリラックス状態に導く,"シリーズAで1,500万ドル、累計3,000万ドル超。10万台超を販売",日本の代理店・日本法人・Makuake案件は見つからず,中：技適。ストレス・睡眠の効能表現に注意（エビデンスに異論もある）,ストレス・睡眠の需要は日本でも大きいが、訴求のしかたが難しい,低（欧米ブランド・展示会外で直接アプローチ）,https://www.businesswire.com/news/home/20220317005356/en,未着手,
12,A,Moonbird,ベルギー（ブリュッセル）,呼吸・ストレス,Moonbird,未確認,手のひらで膨らんだり縮んだりして呼吸のペースを導く。心拍のバイオフィードバック付き,150万ユーロを調達。顧客3.5万人超,日本の代理店・日本法人・Makuake案件は見つからず（innovatopiaで紹介）,低：技適。リラックスの範囲の表現にとどめる,触るだけで使えるので高齢者にも向く。贈り物需要もある,低（欧米ブランド・展示会外で直接アプローチ）,https://siliconcanals.com/moonbird-raises-1-5m/,未着手,
13,A,Airofit,デンマーク,呼吸トレーニング,Airofit PRO 2.0,"約58,000円（€349）",呼吸の筋肉に負荷をかけて鍛えるトレーナー。アプリで肺機能を測る,累計700万ユーロを調達。2024年の売上300万ユーロ、有料顧客17万人,日本の代理店・日本法人・Makuake案件は見つからず。代理店の募集ページがある,低：技適。スポーツ用途に限る（医療版のAiroQurは対象外）,ランナー・水泳・登山・歌の人に。代理店を募集している,低（欧米ブランド・展示会外で直接アプローチ）,https://airofit.com/pages/retail-distribution,未着手,
14,A,Sensate,英国,ストレス（迷走神経）,Sensate 2,"約37,000円（$249）",胸に置き、アプリの音に合わせた低周波の振動を伝える,"シード320万ドル、累計約1,146万ドル",日本の代理店・日本法人・Makuake案件は見つからず,中：技適。迷走神経・不安への効能は言わない,瞑想・マインドフルネス層向け,低（欧米ブランド・展示会外で直接アプローチ）,https://pulse2.com/wellness-technology-company-sensate-raises-3-2-million,未着手,
15,A,FRENZ Brainband（Earable）,米国（ボルダー）／ベトナム,睡眠・集中,FRENZ Brainband,"約90,000円（$599）",脳信号を読むAIヘッドバンド。状態に合わせた音で睡眠・集中を助ける,シード660万ドル（Founders Fund、Smilegate）。Samsung Venturesも出資。Red Dot賞,日本の代理店・日本法人・Makuake案件は見つからず。シンガポールのExcelpointがアジアの販売パートナー（担当範囲は要確認）,中〜高：技適。睡眠障害への効能は言わない,アジアにパートナーがいるので、日本の権利が空いているか先に確認する,中（アジア拠点・Click2Matchで要確認）,https://www.biospectrumasia.com/news/54/22202/singapore-based-excelpoint-to-accelerate-commercialisation-of-worlds-first-ai-powered-brainband-to-solve-sleep-pandemic.html,未着手,
16,A,Embr Labs,米国（ボストン）,体温調整,Embr Wave 2,"約45,000円（$299）",手首を温めたり冷やしたりして体感温度を変える。ほてり・睡眠向け,"Kickstarterで約60万ドル。株式で760万ドル（Bose Ventures、Intel Capital）、借入で3,500万ドル",日本は配送対象外（公式サポートが転送サービスを案内）,低〜中：技適・PSE（充電器）。更年期の治療効果は言わない,更年期のほてり・冷え性のニーズが日本でも大きい。日本向けの販路が空白,低（欧米ブランド・展示会外で直接アプローチ）,https://support.embrlabs.com/en-US/information-for-customers-shopping-from-outside-of-the-us-271856,未着手,
17,A,Eight Sleep,米国（ニューヨーク）,睡眠（寝床の温度）,Pod 5,"約427,000円（$2,849〜）＋年$199",水を使うマットレスカバーで温度をAI制御し、健康状態とイビキも見る,シリーズDで1億ドル（評価額約10億ドル）,日本の代理店・日本法人・Makuake案件は見つからず。30カ国以上に出荷しているが日本は対象外,高：PSE（100V・加熱）、技適、健康計測の表現。日本のベッドサイズ,超高単価だが富裕層・アスリート向けに唯一の存在。日本展開に会社がどれだけ乗り気か次第,低（欧米ブランド・展示会外で直接アプローチ）,https://startupintros.com/news/2025-08-01-eight-sleep-series-d,未着手,
18,A,BedJet,米国（ロードアイランド）,睡眠（寝床の温度）,BedJet 3,"約75,000円（$499）",シーツの下に温風・冷風を送る。2人で左右別々の温度にでき、夜通し温度をプログラムできる,Kickstarter2回で約140万ドル。40カ国超で販売,日本の代理店・日本法人・Makuake案件は見つからず。日本向けの100V版がない,中〜高：PSE（ヒーター）、100V版の開発、技適,夏の寝苦しさ・冬の冷えに効く。100V版を作れるかが条件,低（欧米ブランド・展示会外で直接アプローチ）,https://bedjet.com/products/eu-plug-220v-240v-international-bedjet-3,未着手,
19,A,Loftie,米国（ニューヨーク）,睡眠,Loftie Clock / Loftie Lamp,"約25,500円〜（$169.99〜）",スマホを寝室から追い出すための目覚まし。2段階アラームと100種類以上のサウンド,累計約430万ドルを調達,公式サイトに日本語ストアがあり、直販している（代理店は見つからず）,低：技適・PSE,デジタルデトックスの訴求は日本でも強い。会社が直販を続けたいかを確認する,低（欧米ブランド・展示会外で直接アプローチ）,https://byloftie.com/ja/products/loftie,未着手,
20,A,Core Devices（Pebble）,米国,健康計測（時計）,Core Time 2 / Core 2 Duo,"約22,000〜34,000円（$149〜225）",電子ペーパーで電池が長持ち。オープンソース,日本のテック系メディアで紹介多数,公式サイトから日本へ直送（代理店は見つからず）,中：技適の取得状況が不明,Apple Watchの充電に疲れた層や、昔のPebbleファンに刺さる,低（欧米ブランド・展示会外で直接アプローチ）,https://www.gizmodo.jp/2025/03/new-smartwatch-core-devices.html,未着手,
21,A,HigherDOSE,米国（ニューヨーク）,温熱・リカバリー,Infrared Sauna Blanket,"約105,000円（$699）",持ち運べる遠赤外線サウナブランケット（最高約80℃）。低電磁波,米国・カナダのSephora600店超で販売。英国でも販売,日本の代理店・日本法人・Makuake案件は見つからず,中：PSE（ヒーター・コンセント式）。デトックスの効能表現に注意,日本はサウナブームで宅サウナの需要がある。美容の店に置ける見た目,低（欧米ブランド・展示会外で直接アプローチ）,https://www.beautyindependent.com/sephora-branches-wellness-tech-higherdose-launch/,未着手,
22,A,Mito Red Light,米国（スコッツデール）,赤色光ケア,MitoMIN〜MitoMEGA,"約37,000〜157,000円（$249〜1,049）",パネルの種類が多く、波長は最大8種類,"年商約1,500万ドル、顧客7.5万人（会社は12.5万人超と主張）",日本の代理店・日本法人・Makuake案件は見つからず,中〜高：PSE。治療の効能は言わない（美容機器として売る）,赤色光は日本ではまだ空白。美容・リカバリーの両方で打ち出せる,低（欧米ブランド・展示会外で直接アプローチ）,https://www.wipo.int/ko/web/ip-advantage/w/stories/mito-red-light,未着手,
23,A,Bon Charge,オーストラリア（シドニー）,赤色光・睡眠,Red Light Face Mask / パネル,"約50,000円（マスク AUD499）〜",赤色光とブルーライト対策を幅広くそろえる。低電磁波・ちらつきなし,ホテル・中東の小売と提携（売上は見つからず）,日本の代理店・日本法人・Makuake案件は見つからず,中：美容機器として売る。PSE（パネル）,LEDマスクは日本の美容市場で需要がある。睡眠用メガネなどとのセット販売も可能,低（欧米ブランド・展示会外で直接アプローチ）,https://channellife.com.au/story/bon-charge-launches-recharge-sale-with-aud-500-off,未着手,
24,A,Plunge,米国（サクラメント）,冷水浴・リカバリー,The Plunge,"約750,000円（$4,990）",アプリで操作する冷水浴の浴槽。氷なしで3〜4℃に保ち、ろ過・殺菌付き,累計売上2億ドル超、3万台超を販売。Wefunderで2週間に130万ドル超,日本の代理店・日本法人・Makuake案件は見つからず（国内には競合のPlungeXがある）,高：PSE、100V化、技適、配送と設置,サウナとの組み合わせでジム・ホテルなど法人にも売れる。国内に競合がすでにいる,低（欧米ブランド・展示会外で直接アプローチ）,https://athletechnews.com/want-a-stake-in-plunge-investment-opportunities-now-open,未着手,
25,A,FORM,カナダ（バンクーバー）,スポーツ,FORM Smart Swim 2,"約38,700円（Amazon.co.jpの並行品価格）",ゴーグルの内側に距離やペースをAR表示する。Pro版は心拍も,"シリーズAで1,200万カナダドル。最初の4カ月で1万個超",正規代理店は見つからず。並行輸入業者とAmazon.co.jpの出品だけ,中：技適が最大の関門,正規代理店になれば並行品との差別化（保証・日本語サポート）ができる,低（欧米ブランド・展示会外で直接アプローチ）,https://www.moguravr.com/?p=272425,未着手,
26,A,Momax（OneSense Soul）,香港,健康計測（スマートリング）,OneSense Soul AIリング,未確認,感情を認識するとうたうAIスマートリング,2025年秋の香港エレクトロニクス・フェアで発表,スマートリングの日本展開は見つからず（Momaxの他製品が日本でどう売られているかは要確認）,中：技適,今回の候補で、香港の会場で確実に会える数少ないウェルネスブランド,高（中華圏・2025年出展実績など）,https://momaxsense.com/blogs/news/momax-sense-at-hktdc-2025,未着手,
27,B,Somnee,米国（バークレー）,睡眠（ニューロテック）,Somnee ヘッドバンド,"約64,000円（$429）",EEGとAIで個人に合わせた刺激を与え、試験で寝つきが2倍早くなった,"シード1,000万ドル（Khosla Ventures）。Fast Companyの注目テックに選出",日本の代理店・日本法人・Makuake案件は見つからず,非常に高：脳への刺激は医療機器と判断される可能性,技術は魅力的だが、日本では規制の確認が先,低（欧米ブランド・展示会外で直接アプローチ）,https://www.fiercehealthcare.com/health-tech/khosla-ventures-orlando-magic-owners-back-sleep-tech-company-somnees-10m-round,未着手,
28,B,Kineon,米国（アトランタ）,赤色光（関節）,MOVE+ Pro,"約75,000円（$499）",LED（660nm）とレーザー（808nm）を組み合わせ、膝などの関節に巻くウェアラブル,Indiegogoで100万ドル超。9カ月で1万台超を出荷,日本の代理店・日本法人・Makuake案件は見つからず,高：関節痛向け・レーザー入りで医療機器（光線治療器）に当たる可能性,高齢化した日本でのニーズは大きいが、規制の確認が先,低（欧米ブランド・展示会外で直接アプローチ）,https://athletechnews.com/?p=102185,未着手,
29,B,Ekrin Athletics,米国,マッサージガン,B37S,"約50,000円（$330）",握りやすい15°の角度、強いトルク、生涯保証,資金調達・販売台数は見つからず,並行輸入品が1.8〜2.5万円で流通（正規代理店なし）,高：家庭用電気マッサージ器は管理医療機器（認証が必要）,マッサージガンは日本で競合が多すぎる。認証を取るコストに見合わない可能性,低（欧米ブランド・展示会外で直接アプローチ）,https://jisaku.com/glossary/ekrin-b37s-massage-gun,未着手,
30,B,Perifit,フランス（パリ）,女性の健康,Perifit Care+,"約27,000円（$179）",アプリのゲームで骨盤底筋を鍛える。FDA認可,会社によると利用者60万人超。売上推定約800万ドル,Amazon.co.jpに日本語の出品あり。日本のアプリストアにもアプリがある。正規の扱いかは不明,高：尿もれへの効能をうたうと医療機器になる。技適,フェムテックは日本で伸びているが、すでに販売者がいる。権利関係の確認が先,低（欧米ブランド・展示会外で直接アプローチ）,https://apps.apple.com/jp/app/perifit-care/id1183437203,未着手,
31,B,WHOOP,米国（ボストン）,健康計測,WHOOP 5.0 / MG,"年30,000〜54,000円（会員料）",画面のないバンドで、回復度と負荷をコーチング。MGは心電図と血圧も,シリーズGで5.75億ドル（評価額101億ドル）,日本へは新規の配送をしていない（56市場で展開、香港・韓国・台湾は対象）,高：MGの心電図・血圧機能は薬機法の対象。技適,アスリートの認知度は高いが、サブスク型なので代理店ではなく提携の形になる,中（アジア拠点・Click2Matchで要確認）,https://www.community.whoop.com/t/whoop-website-saying-not-currently-shipping-to-japan/1090,未着手,
32,B,Orka,米国／香港（Orka Health Ltd）,聴こえ,Orka Two / O1 Pro,"約285,000円（$1,899）",イヤホンのチップを使ったAIノイズ低減の補聴器。新製品はBoseのノイズキャンセルを搭載,Sequoia・Tencentが出資（金額は不明）,日本の代理店・日本法人・Makuake案件は見つからず,非常に高：補聴器は管理医療機器（認証が必要）,難聴の市場は大きいが、医療機器の事業になる。香港の拠点に会える可能性はある,中（アジア拠点・Click2Matchで要確認）,https://www.hearingtracker.com/news/orka-two-hearing-aid-launched-with-general-chip-technology-ai-denoise-bluetooth-and-personalized-fitting,未着手,
33,C,NOWATCH,オランダ（アムステルダム）,ストレス計測,NOWATCH,"約75,000円（Indiegogo価格 約$500）",画面のない石の文字盤。皮膚電気活動（EDA）でストレスを最大1時間前に予測するとうたう,シリーズAで870万ドル。Indiegogoで約10万ドル,日本の代理店・日本法人・Makuake案件は見つからず,中：ストレス予測の表現に注意。技適,2026年も事業を続けているか、まず確認が必要,低（欧米ブランド・展示会外で直接アプローチ）,https://tech.eu/2022/06/16/amsterdam-s-stress-predicting-nowatch-clocks-8-7-million/,未着手,
34,C,Hapbee,カナダ（バンクーバー）,睡眠・リラックス,Hapbee ネックバンド,"約60,000円（$399〜）",弱い磁気の信号で「リラックス」「睡眠」「集中」の感覚を出すとうたう,カナダの上場小型株。2025年にSmile Group Asiaとアジア展開で提携,日本は見つからず。アジアの提携先との権利の重なりを確認が必要,高：科学的根拠が弱く、景表法・薬機法のリスクが大きい,おすすめしない,低（欧米ブランド・展示会外で直接アプローチ）,https://markets.financialcontent.com/malvern-online/article/gnwcq-2025-8-18-hapbee-secures-strategic-backing-and-commercial-agreement-to-enter-multi-billion-dollar-asian-wellness-market,未着手,
35,C,Wellue（Viatom）,中国（深圳）,健康計測（医療寄り）,O2Ring,"約23,000〜27,000円（$153〜179）",一晩中SpO2を測る指輪型。低下すると振動で知らせる。FDA 510(k)取得,クラファンは見つからず,不明：「チェックミーリング」という製品が日本で医療機器認証を取っている（同社製と思われるが、販売元は確認できず）,非常に高：パルスオキシメーターは管理医療機器,医療機器の販売許可（製造販売業）が必要。会場で会える可能性は高い,高（中華圏・2025年出展実績など）,https://getwellue.com/products/o2ring-continuous-ring-oxygen-monitorx2,未着手,
36,C,Sleepme（Dock Pro）,米国,睡眠（寝床の温度）,Dock Pro,"約150,000円〜（$999〜）",水を循環させて冷やす・温めるマットレストッパー,前の運営会社は2023年に閉鎖し、Sleep Solutions Inc.が資産を買収,日本の代理店・日本法人・Makuake案件は見つからず,高：PSE・100V化,会社の経緯に不安があり、Eight SleepかBedJetを優先,低（欧米ブランド・展示会外で直接アプローチ）,https://sleep.me/post/new-future-with-sleep-solutions-inc,未着手,
37,C,Easenory Technology,香港,スマートウェア,洗えるテキスタイルセンサー,未確認,スポーツウェアに縫い込める、洗濯できる布のセンサー,2024年創業。2025年の香港エレクトロニクス・フェアに出展,見つからず,中：技適,今は部品・法人向けの性格が強い。完成品のブランドがあるか会場で確認,高（中華圏・2025年出展実績など）,https://www.jumpstartmag.com/reimagining-smart-wearables-with-easenory-technology-limited-at-hktdc-electronics-fair-autumn-edition-2025/,未着手,
38,除外,Circular（Ring 2）,フランス,スマートリング,,,,,日本の代理店（株式会社アースリボーン）が2026年7月に発売。ヨドバシで販売,,,,https://prtimes.jp/main/html/rd/p/000000160.000080785.html,,
39,除外,Ultrahuman（Ring AIR）,インド,スマートリング,,,,,SB C&Sと販売代理店契約（2024年10月〜）,,,,https://cas.softbank.jp/wp-content/uploads/2024/10/241024_01.pdf,,
40,除外,RingConn,中国,スマートリング,,,,,日本の正規販売代理店あり。Makuakeで約1.43億円,,,,https://www.makuake.com/project/ringconngen2/,,
41,除外,Lumen,イスラエル,代謝計測,,,,,キリンが日本展開を発表（2026年9月）。Makuakeで予約販売中,,,,https://monoist.itmedia.co.jp/mn/articles/2609/16/news041.html,,
42,除外,Muse（Interaxon）,カナダ,脳波・瞑想,,,,,メディアシークが技適を取得し、2024年4月から販売,,,,https://www.mediaseek.co.jp/common/wp-content/uploads/2024/04/2024_0408_01.pdf,,
43,除外,Core（Hyperice）,米国,呼吸・瞑想,,,,,Hypericeブランドとして株式会社ツインズが総販売代理店（2022年6月〜）,,,,https://www.nikkan.co.jp/releases/view/138994,,
44,除外,Speediance,中国,フィットネス,,,,,DELTA FITNESS JAPANが日本正規代理店,,,,https://jp.speediance.com/pages/store,,
45,除外,BREO,中国（深圳）,目元・頭のマッサージ,,,,,日本法人のブレオジャパン株式会社がある,,,,https://kakaku.com/item/K0001595144/,,
46,除外,SKG,中国（深圳）,首のマッサージ（EMS）,,,,,Makuakeに案件あり、楽天・Qoo10で流通,,,,https://www.makuake.com/project/ems_skg/,,
47,除外,Sleepace,中国（深圳）,睡眠,,,,,2018年にMakuakeで日本初上陸,,,,https://www.makuake.com/project/smartsleeplight/,,
48,除外,Nuheara,オーストラリア,聴こえ,,,,,バリュートレードが日本の代理店。2024年8月に任意管理（経営破綻）入り,,,,https://audiology-worldnews.com/world-news/market/big-striding-aussie-otc-producer-nuheara-goes-into-voluntary-administration,,
49,除外,AliveCor（KardiaMobile）,米国,心電図,,,,,オムロンが出資・共同開発。医療機器,,,,https://kyodonewsprwire.jp/release/201703169964,,
50,除外,Flow Neuroscience,スウェーデン,うつ病向け脳刺激,,,,,処方用の医療機器。キリンが出資,,,,https://www.kirinholdings.com/en/newsroom/release/2021/0823_03.html,,
51,除外,Moona,フランス,睡眠（枕）,,,,,会社が閉鎖,,,,https://www.nosleeplessnights.com/moona-review/,,
52,除外,Kokoon / Philips,英国,睡眠イヤホン,,,,,販売終了,,,,https://www.usa.philips.com/c-p/TAN7808GY_00/sleep-headphones/overview,,
53,除外,Movano Evie,米国,スマートリング,,,,,2026年4月から新規受注・出荷を停止,,,,https://frontdeskreview.com/product/smart-rings/movano-evie-ring/,,
54,除外,Biostrap,米国,健康計測,,,,,一般消費者向けから撤退,,,,https://longevity.technology/news/wearable-firm-switches-focus-to-enterprise/,,
